url,bias
accountable.us,-2
aftonbladet.se,-2
aldianews.com,-2
afj.org,-2
altnews.in,-2
alternet.org,-2
americablog.com,-2
americanbridgepac.org,-2
americanoversight.org,-2
au.org,-2
angrywhitemen.org,-2
attackthesystem.com,-2
autostraddle.com,-1
citypaper.com,-2
ebar.com,-2
themaven.net,-2
billmoyers.com,-2
bitchmedia.org,-2
blackagendareport.com,-2
blackamericaweb.com,-2
blacklivesmatter.com,-2
bnc.tv,-2
boingboing.net,-2
bostonreview.net,-2
brut.media,-2
bust.com,-2
canadiandimension.com,-2
capitalandmain.com,-2
care2.com,-2
ceasefiremagazine.co.uk,-2
americanprogress.org,-2
prwatch.org,-2
c4ss.org,-2
change.org,-2
chicagoreader.com,-2
chicagoreporter.com,-2
china.org.cn,-2
climatechangenews.com,-2
cnn.com,-2
codepink.org,-2
colorlines.com,-2
columbusfreepress.com,-2
comicsands.com,-2
commondreams.org,-2
communemag.com,-2
copblock.org,-2
cosmopolitan.com,-2
countercurrents.org,-2
counterpunch.org,-2
crikey.com.au,-2
crimethinc.com,-2
crooked.com,-2
crooksandliars.com,-2
currentaffairs.org,-2
curvemag.com,-2
thedailybeast.com,-2
dailydot.com,-2
dailykos.com,-2
dailynewsbin.com,-2
dailyrecord.co.uk,-2
dailysoundandfury.com,-2
dallasvoice.com,-2
deadstate.org,-2
deadspin.com,-2
democracychronicles.org,-2
democracyjournal.org,-2
democracynow.org,-2
deshabhimani.com,-2
desmogblog.com,-2
metrotimes.com,-2
dissentmagazine.org,-2
drudge.com,-2
earthfirstjournal.org,-2
ecowatch.com,-2
egbertowillies.com,-2
electoral-vote.com,-2
electronicintifada.net,-2
elitedaily.com,-2
elle.com,-2
esquire.com,-2
everydayfeminism.com,-2
evonomics.com,-2
extranewsfeed.com,-2
feministcurrent.com,-2
feministing.com,-2
thefifthcolumnnews.com,-2
fifthestate.org,-2
foodandwaterwatch.org,-2
foreignpolicyjournal.com,-2
foreignpolicynews.org,-2
freepress.org,-2
ffrf.org,-2
freedomnews.org.uk,-2
frontpagelive.com,-2
freespeech.org,-2
gawker.com,-2
gaycitynews.com,-2
gaystarnews.com,-2
geopoliticsalert.com,-2
gizmodo.com,-2
glaad.org,-2
globalvoices.org,-2
good.is,-2
gq.com,-2
bradford-delong.com,-2
greenleft.org.au,-2
gritpost.com,-2
guardianlv.com,-2
haaretz.com,-2
harpersbazaar.com,-2
hightimes.com,-2
hillreporter.com,-2
huffingtonpost.com,-2
hrc.org,-2
marxist.com,-2
inthesetimes.com,-2
alligator.org,-2
juancole.com,-2
ips-dc.org,-2
intpolicydigest.org,-2
internationalviewpoint.org,-2
intrepidreport.com,-2
iowacapitaldispatch.com,-2
iowastartingline.com,-2
itsgoingdown.org,-2
jacobinmag.com,-2
jezebel.com,-2
joebiden.com,-2
lavendermagazine.com,-2
laweekly.com,-2
leftfootforward.org,-1
leftvoice.org,-2
lgbtqnation.com,-2
libcom.org,-2
liberationnews.org,-2
littlegreenfootballs.com,-2
mg.co.za,-2
mainebeacon.com,-2
mashable.com,-2
mediamatters.org,-2
mediaite.com,-2
meduza.io,-2
meidastouch.com,-2
merryjane.com,-2
miaminewtimes.com,-1
middleeastmonitor.com,-2
muncievoice.com,-2
modernliberals.com,-2
monthlyreview.org,-2
moonofalabama.org,-2
msmagazine.com,-2
msnbc.com,-2
nationofchange.org,-2
naacp.org,-2
nrdc.org,-2
newpol.org,-2
newrepublic.com,-2
newstatesman.com,-1
amsterdamnews.com,-2
nymag.com,-2
newyorker.com,-2
newscorpse.com,-2
newshounds.us,-2
newsone.com,-2
novaramedia.com,-2
nowtoronto.com,-2
occupy.com,-2
ohiocapitaljournal.com,-2
onegreenplanet.org,-2
opednews.com,-2
opensocietyfoundations.org,-2
out.com,-2
palmerreport.com,-2
pastemagazine.com,-2
peacock-panache.com,-2
penncapital-star.com,-2
pfaw.org,-2
people.com,-2
photographyisnotacrime.com,-2
pinknews.co.uk,-2
politicaldig.com,-2
politicaltribune.org,-2
politicususa.com,-2
popular.info,-2
popularresistance.org,-2
pressprogress.ca,-2
boldprogressives.org,-2
projectcensored.org,-2
queerty.com,-2
rabble.ca,-2
rantt.com,-2
rawstory.com,-2
readersupportednews.org,-2
readingthepictures.org,-2
therealnews.com,-2
redpepper.org.uk,-2
refinery29.com,-2
republicreport.org,-2
resilience.org,-2
revcom.us,-2
rewire.news,-2
rightwingwatch.org,-2
trofire.com,-2
rollingstone.com,-2
salon.com,-2
sfbayview.com,-2
scarymommy.com,-2
secondnexus.com,-2
seventeen.com,-2
shadowproof.com,-2
shareblue.com,-2
shondaland.com,-2
slate.com,-2
readsludge.com,-2
smirkingchimp.com,-2
worldsocialism.org,-2
socialistworker.org,-2
sourcewatch.org,-2
splcenter.org,-2
splinternews.com,-2
talkingpointsmemo.com,-2
teenvogue.com,-2
19thnews.org,-2
advocate.com,-2
americanindependent.com,-2
prospect.org,-2
austinchronicle.com,-2
thebaffler.com,-2
theburningspear.com,-2
thecanary.co,-2
climaterealityproject.org,-2
thecut.com,-2
daily49er.com,-2
thedailybanter.com,-2
the-daily.buzz,-2
thedailyvox.co.za,-2
thedodo.com,-2
thegailygrind.com,-2
ghionjournal.com,-2
goodmenproject.com,-2
theimproper.com,-2
indypendent.org,-2
levernews.com,-2
thelily.com,-2
thelondoneconomic.com,-2
themarysue.com,-2
themilitant.com,-2
themonthly.com.au,-2
morningstaronline.co.uk,-2
thenation.com,-2
nationalmemo.com,-2
thenewcivilrightsmovement.com,-2
palestinechronicle.com,-2
phnompenhpost.com,-2
progressive.org,-2
theroot.com,-2
thestranger.com,-2
texasobserver.org,-2
villagevoice.com,-2
voice-online.co.uk,-2
thewalrus.ca,-2
washingtonspectator.org,-2
theweek.com,-2
worldcantwait.net,-2
thegrio.com,-2
thisisthezerohour.com,-2
them.us,-2
thinkprogress.org,-2
this.org,-2
towleroad.com,-2
treehugger.com,-2
truthdig.com,-2
truthout.org,-2
truththeory.com,-2
unicornriot.ninja,-2
uproxx.com,-2
upworthy.com,-2
vanityfair.com,-2
vox.com,-2
wallstreetonparade.com,-1
washingtonbabylon.com,-2
washingtonpress.com,-2
washingtonsources.org,-2
washingtonian.com,-2
wearyourvoicemag.com,-2
wehuntedthemammoth.com,-2
whowhatwhy.org,-2
wonkette.com,-2
workers.org,-2
wsws.org,-2
yesmagazine.org,-2
tytnetwork.com,-2
yourblackworld.net,-2
zcomm.org,-2
604now.com,-1
972mag.com,-1
whitehouse.gov,-1
abcnews.go.com,-1
abc.net.au,-1
abc11.com,-1
abovethelaw.com,-1
aceshowbiz.com,-1
aclu.org,-1
adaderana.lk,-1
aeon.co,-1
affinitymagazine.us,-1
africanarguments.org,-1
africanews.com,-1
ahvalnews.com,-1
beaconjournal.com,-1
aljazeera.com,-1
al-monitor.com,-1
guttmacher.org,-1
timesunion.com,-1
allgov.com,-1
northbaynipissing.com/almaguinhighlands-on,-1
amny.com,-1
americamagazine.org,-1
americanimmigrationcouncil.org,-1
americanpublicmedia.org,-1
americanpurpose.com,-1
amestrib.com,-1
amnesty.org,-1
thespec.com/local-ancaster,-1
annistonstar.com,-1
anthropocenemagazine.org,-1
adl.org,-1
aol.com,-1
apmreports.org,-1
apple.com/apple-news,-1
aptnnews.ca,-1
areomagazine.com,-1
azcapitoltimes.com,-1
tucson.com,-1
azdailysun.com,-1
azcentral.com,-1
arktimes.com,-1
armscontrol.org,-1
insideottawavalley.com/arnprior-on,-1
arte.tv,-1
citizen-times.com,-1
asiasentinel.com,-1
aspeniaonline.it,-1
aspeninstitute.org,-1
apnews.com,-1
magazine.atavist.com,-1
onlineathens.com,-1
enewscourier.com,-1
atlantablackstar.com,-1
ajc.com,-1
theatlantic.com,-1
attn.com,-1
yorkregion.com/aurora-on,-1
statesman.com,-1
austindailyherald.com,-1
avclub.com,-1
axios.com,-1
backchannel.com,-1
balkaninsight.com,-1
baltimoresun.com,-1
bangordailynews.com,-1
baptistnews.com,-1
simcoe.com/barrie-on,-1
barrietoday.com,-1
battlecreekenquirer.com,-1
baxterbulletin.com,-1
baynature.org,-1
bbc.com,-1
tmnews.com,-1
bellingcat.com,-1
bellinghamherald.com,-1
berkeleyside.com,-1
berkshireeagle.com,-1
berliner-zeitung.de,-1
bing.com,-1
birminghammail.co.uk,1
blackenterprise.com,-1
blackpressusa.com,-1
bleacherreport.com,-1
bloomberg.com,-1
bluestemprairie.com,-1
boston.com,-1
bostonglobe.com,-1
bgr.com,-1
muskokaregion.com/bracebridge-on,-1
bramptonguardian.com,-1
brennancenter.org,-1
brookings.edu,-1
thebulletin.org,-1
insidehalton.com/burlington-on,-1
businessinsider.com,-1
bustle.com,-1
buzzfeed.com,-1
buzzfeednews.com,-1
bylinetimes.com,-1
caledonenterprise.com,-1
cambridgetimes.ca,-1
canadalandshow.com,-1
capitalgazette.com,-1
caribbeanlifenews.com,-1
insideottawavalley.com/carletonplace-on,-1
carnegieendowment.org,-1
carolinapublicpress.org,-1
catchnews.com,-1
cbc.ca,-1
boston.cbslocal.com,-1
losangeles.cbslocal.com,-1
cbsnews.com,-1
newyork.cbslocal.com,-1
seattle.cbslocal.com,-1
cecildaily.com,-1
censor.net,-1
c4ads.org,-1
cgdev.org,-1
centerforinquiry.org,-1
ciponline.org,-1
cnas.org,-1
populardemocracy.org,-1
publicintegrity.org,-1
cbpp.org,-1
focustaiwan.tw,-1
chalkbeat.org,-1
channel4.com/news,-1
wvgazettemail.com,-1
charlotteobserver.com,-1
cheddar.com,-1
chicago.suntimes.com,-1
chinaafricaproject.com,-1
citizentruth.org,-1
citizensforethics.org,-1
ctj.org,-1
citylab.com,-1
citypages.com,-1
cityandstateny.com,-1
durhamregion.com/clarington-on,-1
clarionledger.com,-1
cleantechnica.com,-1
cnbc.com,-1
coed.com,-1
cjr.org,-1
colombiareports.com,-1
dispatch.com,-1
commoncause.org,-1
commonwealmagazine.org,-1
commonwealthfund.org,-1
complex.com,-1
ctpost.com,-1
consortiumnews.com,-1
constitutionproject.org,-1
caller.com,-1
crosscut.com,-1
ctmirror.org,-1
cullmantimes.com,-1
dailycommercial.com,-1
gazettenet.com,-1
mirror.co.uk,-1
nation.africa,-1
dnj.com,-1
dawn.com,-1
dcist.com,-1
dcreport.org,-1
deadline.com,-1
deccanherald.com,-1
debunkingdenialism.com,-1
delawareonline.com,-1
delo.si,-1
democracy21.org,-1
democratandchronicle.com,-1
demos.org,-1
denverpost.com,-1
westword.com,-1
derstandard.at,-1
freep.com,-1
zeit.de,-1
digg.com,-1
diply.com,-1
diversityinc.com,-1
thespec.com/local-dundas,-1
dutchreview.com,-1
dw.com,-1
earth.columbia.edu,-1
earthjustice.org,-1
eastbaytimes.com,-1
thestar.com/local-east-gwillimbury,-1
econofact.org,-1
epi.org,-1
economicshelp.org,-1
egyptianstreets.com,-1
ejinsight.com,-1
eldiario.es,-1
eldiariony.com,-1
elpais.com,-1
elpasotimes.com,-1
eff.org,-1
emerging-europe.com,-1
emptywheel.net,-1
engadget.com,-1
ew.com,-1
espn.com,-1
registerguard.com,-1
euobserver.com,-1
euractiv.com,-1
eurasiareview.com,-1
euromaidanpress.com,-1
euronews.com,-1
courierpress.com,-1
facebook.com/news,-1
factmyth.com,-1
fair.org,-1
fairobserver.com,-1
fairvote.org,-1
fastcompany.com,-1
feministfrequency.com,-1
fightforthefuture.org,-1
fivethirtyeight.com,-1
foodnavigator.com,-1
fpif.org,-1
fwweekly.com,-1
francetvinfo.fr,-1
freakonomics.com,-1
fresnobee.com,-1
fusion.net,-1
gadsdentimes.com,-1
gainesville.com,-1
glamour.com,-1
globalcitizen.org,-1
globalnews.ca,-1
pri.org,-1
globalriskinsights.com,-1
globaltimes.cn,-1
gmanetwork.com,-1
news.google.com,-1
gothamist.com,-1
governing.com,-1
whistleblower.org,-1
govexec.com,-1
greensboro.com,-1
grid.news,-1
grist.org,-1
guelphmercury.com,-1
gunviolencearchive.org,-1
thespec.com,-1
harpers.org,-1
courant.com,-1
harvardpolitics.com,-1
hawaiitribune-herald.com,-1
health.com,-1
healthyway.com,-1
heavy.com,-1
hechingerreport.org,-1
hs.fi,-1
helsinkitimes.fi,-1
thegleaner.com,-1
hcn.org,-1
highline.huffingtonpost.com,-1
hindustantimes.com,-1
historynewsnetwork.org,-1
hitc.com,-1
hollywoodreporter.com,-1
civilbeat.org,-1
staradvertiser.com,-1
hotnews.ro,-1
chron.com,-1
hrw.org,-1
humanium.org,-1
icenews.is,-1
idahopress.com,-1
ifamericaknew.org,-1
iflscience.com,-1
independentaustralia.net,-1
index.hr,-1
inews.co.uk,-1
infobae.com,-1
inquisitr.com,-1
insideedition.com,-1
insidehighered.com,-1
insidephilanthropy.com,-1
insider.com,-1
insideclimatenews.org,-1
instituteforgovernment.org.uk,-1
imeu.org,-1
itep.org,-1
ibtimes.com,-1
icrw.org,-1
crisisgroup.org,-1
interpretermag.com,-1
inverse.com,-1
press-citizen.com,-1
ipolitics.ca,-1
israel21c.org,-1
thenewhumanitarian.org,-1
jacksonfreepress.com,-1
jalopnik.com,-1
japantoday.com,-1
jihadica.com,-1
jointcenter.org,-1
daily.jstor.org,-1
justsecurity.org,-1
kff.org,-1
khn.org,-1
kansascity.com,-1
denver.cbslocal.com,-1
cbsnews.com/pittsburgh,-1
kenoshanews.com,-1
abc30.com,-1
abc7news.com,-1
knightfoundation.org,-1
nbcbayarea.com,-1
koco.com,-1
kotaku.com,-1
sacramento.cbslocal.com,-1
kpic.com,1
sanfrancisco.cbslocal.com,-1
kqed.org,-1
abc13.com,-1
cbsnews.com/dfw,-1
idahopress.com/kuna,-1
kuow.org,-1
kurdistan24.net,-1
kyivindependent.com,-1
kyivpost.com,-1
laconiadailysun.com,-1
ladepeche.fr,-1
theadvertiser.com,-1
jconline.com,-1
lajuntatribunedemocrat.com,-1
lapresse.ca,-1
repubblica.it,-1
lastampa.it,-1
latimes.com,-1
lasvegassun.com,-1
latintimes.com,-1
lawandcrime.com,-1
leftjustified.com,-1
lemonde.fr,-1
lethbridgeherald.com,-1
kentucky.com,-1
lifehacker.com,-1
lincolncourier.com,-1
lamag.com,-1
macleans.ca,-1
mainichi.jp,-1
malaysiakini.com,-1
mb.com.ph,-1
maplight.org,-1
reporter-times.com,-1
mcclatchydc.com,-1
mcdonoughvoice.com,-1
mediapart.fr,-1
medium.com,-1
menshealth.com,-1
metro.us,-1
metro.co.uk,-1
nhregister.com,-1
mexiconewsdaily.com,-1
miamiherald.com,-1
mic.com,-1
middleeasteye.net,-1
migrationpolicy.org,-1
unionrecorder.com,-1
thestar.com/local-milton,-1
jsonline.com,-1
startribune.com,-1
mprnews.org,-1
minnpost.com,-1
mintpressnews.com,-1
mississippitoday.org,-1
moneytalksnews.com,-1
news.mongabay.com,-1
montgomeryadvertiser.com,-1
morningbrew.com,-1
themoscowtimes.com,-1
motherjones.com,-1
mnn.com,-1
mothership.sg,-1
moultrieobserver.com,-1
msn.com,-1
thestarpress.com,-1
mycentraljersey.com,-1
nakedcapitalism.com,-1
naplesnews.com,-1
transequality.org,-1
natmonitor.com,-1
nationalnewswatch.com,-1
nationalobserver.com,-1
youthrights.org,-1
resourcegovernance.org,-1
nature.org,-1
nbcdfw.com,-1
nbcphiladelphia.com,-1
nbcchicago.com,-1
nbclosangeles.com,-1
nbcnews.com,-1
nbcnewyork.com,-1
ndtv.com,-1
newamerica.org,-1
ncnewsonline.com,-1
neweurope.eu,-1
newleftreview.org,-1
newmatilda.com,-1
newmoderate.com,-1
citynews1130.com,0
newscentermaine.com,-1
nydailynews.com,-1
nytimes.com,-1
newsday.com,-1
newser.com,-1
newsweek.com,-1
newsy.com,-1
nhk.or.jp/nhkworld,-1
niagara-gazette.com,-1
niemanlab.org,-1
niskanencenter.org,-1
norwichbulletin.com,-1
novinky.cz,-1
npr.org,-1
ocala.com,-1
ocweekly.com,-1
oneindia.com,-1
openthegovernment.org,-1
orlandosentinel.com,-1
ourworldindata.org,-1
outsidethebeltway.com,-1
ozy.com,-1
psmag.com,-1
palmbeachdailynews.com,-1
newsherald.com,-1
parrysound.com,-1
patrioticmillionaires.org,-1
pbs.org,-1
pekintimes.com,-1
inquirer.com,-1
phillytrib.com,-1
inquirer.net,-1
phillyvoice.com,-1
phoenixnewtimes.com,-1
politicalcritique.org,-1
politico.com,-1
politicsthatwork.com,-1
politifact.com,-1
polygon.com,-1
pontiacdailyleader.com,-1
populationconnection.org,-2
pressherald.com,-1
pamplinmedia.com,-1
positive.news,-1
theworld.org,-1
private-eye.co.uk,-1
hjnews.com/preston,-1
pogo.org,-1
project-syndicate.org,-1
propublica.org,-1
prospectmagazine.co.uk,-1
protocol.com,-1
providencejournal.com,-1
citizen.org,-1
publico.es,-1
puck.news,-1
chieftain.com,-1
qz.com,-1
rfa.org,-1
radiotelevisionmarti.com,-1
newsobserver.com,-1
rappler.com,-1
rationalwiki.org,-1
relevantmagazine.com,-1
religionnews.com,-1
rgj.com,-1
represent.us,-1
revealnews.org,-1
pal-item.com,-1
ridgecrestca.com,-1
rightweb.irc-online.org,-1
rocketnews.com,-1
rrstar.com,-1
heraldonline.com,-1
rooseveltinstitute.org,-1
sacbee.com,-1
salina.com,-1
sltrib.com,-1
mysanantonio.com,-1
sandiegoreader.com,-1
sfchronicle.com,-1
sfexaminer.com,-1
mercurynews.com,-1
sanluisobispo.com,-1
independent.com,-1
sapiens.org,-1
saudigazette.com.sa,-1
sciencing.com,-1
scoopwhoop.com,-1
scroll.in,-1
seattlepi.com,-1
seattletimes.com,-1
self.com,-1
sentencingproject.org,-1
sfgate.com,-1
snopes.com,-1
sojo.net,-1
sootoday.com,-1
scmp.com,-1
sbs.com.au,-1
spiegel.de,-1
spin.com,-1
news-leader.com,-1
staugustine.com,-1
stltoday.com,-1
stamfordadvocate.com,-1
nj.com,-1
statnews.com,-1
stepfeed.com,-1
stopfake.org,-1
stuff.co.nz,-1
agriculture.com,-1
sunlightfoundation.com,-1
swissinfo.ch,-1
syriahr.com,-1
taiwannews.com.tw,-1
tampabay.com,-1
tarbell.org,-1
taskandpurpose.com,-1
taxjustice.net,-1
taxpolicycenter.org,-1
tcpalm.com,-1
techcrunch.com,-1
techdirt.com,-1
texasmonthly.com,-1
texastribune.org,-1
theage.com.au,-1
asahi.com,-1
app.com,-1
augustachronicle.com,-1
belfercenter.org,-1
myrgv.com,-1
thebureauinvestigates.com,-1
cepr.net,-1
tcf.org,-1
chinapost.nownews.com,-1
thechristianleft.org,-1
chronicle.com,-1
thecity.nyc,-1
coloradoan.com,-1
coloradosun.com,-1
canadians.org,-1
courier-journal.com,-1
daltondailycitizen.com,-1
dailyclimate.org,-1
dailyhive.com,-1
thedailystar.com,-1
dailytarheel.com,-1
theday.com,-1
dominionpost.com,-1
ecfr.eu,-1
lehighvalleylive.com,-1
forward.com,-1
readfrontier.org,-1
thefulcrum.us,-1
thegardenisland.com,-1
heraldscotland.com,-1
theguardian.com,-1
thehawkeye.com,-1
heraldnet.com,-1
hilltimes.com,-1
thehumanist.com,-1
hutchnews.com,-1
independent.co.uk,-1
indianexpress.com,-1
theintercept.com,-2
irishexaminer.com,-1
irishtimes.com,-1
irrawaddy.com,-1
thejakartapost.com,-1
thejournal.ie,-1
lohud.com,-1
koreatimes.co.kr,-1
lincolnproject.us,-1
thelist.com,-1
thelocal.no,-1
mauinews.com,-1
themoderatevoice.com,-1
fool.com,-1
alaraby.co.uk,-1
thenewtropic.com,-1
thenewstribune.com,-1
newstimes.com,-1
thenextweb.com,-1
theguardian.com/observer,-1
theodysseyonline.com,-1
theolympian.com,-1
palmbeachpost.com,-1
pennlive.com,-1
cleveland.com,-1
pressdemocrat.com,-1
punchng.com,-1
thequint.com,-1
northjersey.com,-1
theringer.com,-1
santafenewmexican.com,-1
thesaturdaypaper.com.au,-1
theskimm.com,-1
thestate.com,-1
sj-r.com,-1
statepress.com,-1
thesunmagazine.org,-1
smh.com.au,-1
thetab.com,-1
thetrace.org,-1
thetyee.ca,-1
thevarsity.ca,-1
theverge.com,-1
pilotonline.com,-1
theweek.co.uk,-1
wilderness.org,-1
thewire.in,-1
thewrap.com,-1
timesenterprise.com,-1
news.trust.org,-1
thrillist.com,-1
time.com,-1
timescolonist.com,-1
timesofisrael.com,-1
nola.com,-1
tmz.com,-1
today.com,-1
tomdispatch.com,-1
cjonline.com,-1
thestar.com,-1
tuscaloosanews.com,-1
typemediacenter.org,-1
uawire.org,-1
undark.org,-1
ucsusa.org,-1
uft.org,-1
universitybusiness.com,-1
pravda.com.ua,-1
urban.org,-1
usatoday.com,-1
usnews.com,-1
upr.org,-1
uticaod.com,-1
centerforpolitics.org,-1
variety.com,-1
vcstar.com,-1
verafiles.org,-1
vibe.com,-1
vice.com,-1
victoriaadvocate.com,-1
victoriabuzz.com,-1
vvdailypress.com,-1
virginiamercury.com,-1
visaliatimesdelta.com,-1
vladtv.com,-1
voiceofsandiego.org,-1
votevets.org,-1
vtdigger.org,-1
vulture.com,-1
walesonline.co.uk,-1
wamu.org,-1
washingtonblade.com,-1
washingtonmonthly.com,-1
washingtonpost.com,-1
chicago.cbslocal.com,-1
nbcboston.com,-1
minnesota.cbslocal.com,-1
westernmassnews.com,-1
westhawaiitoday.com,-1
miami.cbslocal.com,-1
wikileaks.org,-1
wired.com,-1
wishtv.com,-1
baltimore.cbslocal.com,-1
wnyc.org,-1
wilsoncenter.org,-1
worldpolicy.org,-1
worldcrunch.com,-1
weforum.org,-1
worldpress.org,-1
wri.org,-1
6abc.com,-1
nbcwashington.com,-1
wsvn.com,-1
tampa.cbslocal.com,-1
nbcmiami.com,-1
atlanta.cbslocal.com,-1
detroit.cbslocal.com,-1
news.yahoo.com,-1
yaleglobal.yale.edu,-1
ynetnews.com,-1
ydr.com,-1
yorkdispatch.com,-1
youthradio.org,-1
9news.com,0
nbc11news.com,0
12news.com,0
wibw.com,0
wifr.com,0
247wallst.com,0
24ur.com,0
38north.org,0
1010wins.radio.com,0
join1440.com,0
abc7chicago.com,0
abc7ny.com,0
abc12.com,0
news.abs-cbn.com,0
actionnewsjax.com,0
adfontesmedia.com,0
adweek.com,0
africacheck.org,0
agdaily.com,0
afp.com,0
ansa.it,0
agerpres.ro,0
agweb.com,1
airforcetimes.com,0
airwars.org,0
alreporter.com,0
democratherald.com,0
ad.nl,0
allafrica.com,0
securingdemocracy.gmfus.org,0
amarillo.com,0
americanheritage.com,0
americanpressinstitute.org,0
news.amomama.com,0
adn.com,0
independentmail.com,0
arcdigital.media,0
arirang.com,0
armytimes.com,0
arstechnica.com,0
courier-tribune.com,0
atimes.com,0
aspentimes.com,0
athensmessenger.com,0
atlasobscura.com,0
auburnpub.com,0
aap.com.au,0
azfamily.com,0
babnet.net,0
ballotpedia.org,0
beatricedailysun.com,0
bnd.com,1
benzinga.com,0
bestlifeonline.com,0
bettergov.org,0
bignewsnetwork.com,0
bigthink.com,0
sunherald.com,0
biography.com,0
bismarcktribune.com,0
us.blastingnews.com,0
bleepingcomputer.com,0
bnonews.com,0
borderreport.com,0
bozemandailychronicle.com,0
bridgemi.com,-1
bringmethenews.com,0
heraldcourier.com,0
theeagle.com,0
buffalonews.com,0
bullshido.net,0
burnettcountysentinel.com,0
business2community.com,0
c-span.org,0
somdnews.com/recorder,0
cpac.ca,0
capecodtimes.com,0
capecoralbreeze.com,0
capitolfax.com,0
carrollconews.com,0
trib.com,0
castanet.net,0
philadelphia.cbslocal.com,0
cdt.org,0
opensecrets.org,0
csis.org,0
channelnewsasia.com,0
charitynavigator.org,0
timesfreepress.com,0
chicoer.com,0
chinookobserver.com,0
csmonitor.com,0
cincinnati.com,0
calgary.citynews.ca,0
edmonton.citynews.ca,0
halifax.citynews.ca,0
kitchener.citynews.ca,0
montreal.citynews.ca,0
ottawa.citynews.ca,0
toronto.citynews.ca,0
vancouver.citynews.ca,0
winnipeg.citynews.ca,0
columbustelegram.com,0
cnet.com,0
ced.org,0
cpj.org,0
communityimpact.com,0
independenttribune.com,0
concordmonitor.com,0
congress.gov,0
constitutioncenter.org,0
consumerreports.org,0
cookpolitical.com,0
corriere.it,0
coronavirus.gov,0
gazettetimes.com,0
cfr.org,0
countable.us,0
countryliving.com,0
courthousenews.com,0
courttv.com,0
covidtracking.com,0
cp24.com,0
craigdailypress.com,0
crainscleveland.com,0
crainsdetroit.com,0
cruxnow.com,0
ctvnews.ca,0
starexponent.com,0
dailybusinessreview.com,0
dailycamera.com,0
freemanjournal.net,0
daily-journal.com,0
dailyjournalonline.com,0
dailymaverick.co.za,0
nonpareilonline.com,0
dailyrecord.com,0
godanriver.com,0
darientimes.com,0
daytondailynews.com,0
defensenews.com,0
defenseone.com,0
dentonrc.com,0
desmoinesregister.com,0
standaard.be,0
detik.com,0
differencebetween.net,0
digi24.ro,0
digitaljournal.com,0
qconline.com,0
dmagazine.com,0
doctorswithoutborders.org,0
dothaneagle.com,0
dpa-international.com,0
duluthnewstribune.com,0
eagletribune.com,0
edp24.co.uk,0
eastidahonews.com,0
eatthis.com,0
leadertelegram.com,0
elkodaily.com,0
elnuevodia.com,0
yoursun.com/englewood,0
goerie.com,0
news.err.ee,0
eurasiagroup.net,0
times-standard.com,0
everycrsreport.com,0
factcheck.org,0
fayobserver.com,0
federalnewsnetwork.com,0
federaltimes.com,0
ft.com,0
firstcoastnews.com,0
firstdraftnews.org,0
floridapolitics.com,0
jacksonville.com,0
foreignaffairs.com,0
foreignpolicy.com,0
messengernews.net,0
fosters.com,0
fourstateshomepage.com,0
france24.com,0
fredericksburg.com,0
fremonttribune.com,0
fullfact.org,0
gallup.com,0
geek.com,0
postindependent.com,0
globalintegrity.org,0
globalslaveryindex.org,0
globegazette.com,0
goodnewsnetwork.org,0
gao.gov,0
govtrack.us,0
theindependent.com,0
greatfallstribune.com,0
greenbaypressgazette.com,0
greenvilleonline.com,0
ground.news,0
group30.org,0
hanfordsentinel.com,0
hbr.org,0
news.harvard.edu,0
hastingstribune.com,0
healthcarefinancenews.com,0
herald-review.com,0
heterodoxacademy.org,0
hickoryrecord.com,0
homelandsecuritynewswire.com,0
howstuffworks.com,0
howtogeek.com,0
i24news.tv,0
postregister.com,0
idahostatesman.com,0
imediaethics.org,0
inc.com,0
helenair.com,0
ivn.us,0
indexmundi.com,0
indystar.com,0
dailybulletin.com,0
iwpr.org,0
icij.org,0
iea.org,0
journals.cambridge.org,0
freemedia.at,0
rescue.org,0
ire.org,0
investing.com,0
investopedia.com,0
ipsos.com,0
jacksonsun.com,0
janes.com,0
japantimes.co.jp,0
jta.org,0
journalgazette.net,0
justicedenied.org,0
kadn.com,0
kagstv.com,0
kait8.com,0
kalb.com,0
kare11.com,0
kark.com,0
alaskasnewssource.com,0
newschannel6now.com,0
crossroadstoday.com,0
kbjr6.com,0
12newsnow.com,0
kbtx.com,0
kcbd.com,0
kcci.com,0
kcentv.com,0
newspressnow.com,0
kcra.com,0
kctv5.com,0
cw33.com,0
cbs4local.com,1
kdrv.com,0
kdvr.com,0
kearneyhub.com,0
keloland.com,0
kens5.com,0
myeasternshoremd.com/qa,0
turnto23.com,0
kesq.com,0
ketk.com,0
ketv.com,0
cbsaustin.com,1
keyt.com,0
keysnews.com,0
kezi.com,0
newschannel10.com,0
cbs8.com,0
5newsonline.com,0
nwahomepage.com,0
kfvs12.com,0
kgns.tv,0
yourcentralvalley.com,0
kgw.com,0
wyomingnewsnow.tv,0
4029tv.com,0
khon2.com,0
khou.com,0
actionnewsnow.com,0
cw39.com,0
myfoxzone.com,0
kiem-tv.com,0
localnews8.com,0
kimt.com,0
kiplinger.com,0
kiro7.com,0
kitv.com,0
kivitv.com,0
kktv.com,0
8newsnow.com,0
ourquadcities.com,0
fox16.com,0
kltv.com,0
kmbc.com,0
abc17news.com,0
kmov.com,0
nbcnebraskascottsbluff.com,0
hawaiinewsnow.com,0
thedenverchannel.com,0
knoe.com,0
knopnews2.com,0
knowyourmeme.com,0
knowherenews.com,0
knoxnews.com,0
koaa.com,0
koamnewsnow.com,0
koat.com,0
koin.com,0
fox23.com,0
kold.com,0
1011now.com,0
kolotv.com,0
ozarksfirst.com,0
kompas.com,0
cbs7.com,0
newson6.com,0
kristv.com,0
kplctv.com,0
click2houston.com,0
kptv.com,0
kpvi.com,0
krdo.com,0
kron4.com,0
krqe.com,0
ksat.com,0
ksbw.com,0
ksdk.com,0
ksl.com,0
ksla.com,0
ksnblocal4.com,0
ksn.com,0
ky3.com,0
kstp.com,0
fox5sandiego.com,0
kswo.com,0
bigcountryhomepage.com,0
arklatexhomepage.com,0
ktiv.com,0
ktla.com,0
ktre.com,0
ktsm.com,0
ktuu.com,0
ktva.com,0
fox2now.com,0
ktvq.com,0
ktvu.com,0
abc4.com,0
fox40.com,0
valleycentral.com,0
kvia.com,0
kwch.com,0
fox44news.com,0
kwqc.com,0
news9.com,0
kwtx.com,0
kxan.com,0
kxii.com,0
kxlf.com,0
kxly.com,0
fox21news.com,0
kxxv.com,0
kyma.com,0
ledevoir.com,0
lahainanews.com,0
lalibre.be,0
lansingstatejournal.com,0
lcsun-news.com,0
law.com,0
law360.com,0
lawfareblog.com,0
ljworld.com,0
leadstories.com,0
leavenworthtimes.com,0
ldnews.com,0
lebanon-express.com,0
lesoir.be,0
lexch.com,0
journalstar.com,0
liveuamap.com,0
lancasteronline.com,0
logically.ai,0
lompocrecord.com,0
news-journal.com,0
reporterherald.com,0
lovelycitizen.com,0
newsadvance.com,0
makeuseof.com,0
timesrepublican.com,0
martinsvillebulletin.com,0
mcdowellnews.com,0
mediapost.com,0
memeorandum.com,0
commercialappeal.com,0
mentalfloss.com,0
myrecordjournal.com,0
merionwest.com,0
metrowestdailynews.com,0
newsnationnow.com,0
military.com,0
militarytimes.com,0
livemint.com,0
missoulian.com,0
mlive.com,0
modernhealthcare.com,0
mtstandard.com,0
mooresvilletribune.com,0
morganton.com,0
morningconsult.com,0
muscatinejournal.com,0
mynewsla.com,0
napavalleyregister.com,0
nber.org,0
ncsl.org,0
followthemoney.org,0
nationaljournal.com,0
nationmaster.com,0
navytimes.com,0
newarkpostonline.com,0
newbernsj.com,0
necn.com,0
nzherald.co.nz,0
kfor.com,0
newsfactsnetwork.com,0
newslookup.com,0
news24.com,0
newsela.com,0
newsguardtech.com,0
yournewsnet.com,0
newsnow.co.uk,0
nst.com.my,0
newzjunky.com,0
nextgov.com,0
nknews.org,0
nolabels.org,0
noozhawk.com,0
norfolkdailynews.com,0
nptelegraph.com,0
yoursun.com/northport,0
nwfdailynews.com,0
nwitimes.com,0
novinite.com,0
oyez.org,0
guampdn.com,0
parkrecord.com,0
patch.com,0
patheos.com,0
pnj.com,0
pjstar.com,0
pgpf.org,0
piie.com,0
placesjournal.org,0
poconorecord.com,0
politicalwire.com,0
yoursun.com,0
poynter.org,0
prnewswire.mediaroom.com,0
pressofatlanticcity.com,0
procon.org,0
publicpolicypolling.com,0
prri.org,0
punchbowl.news,0
yoursun.com/puntagorda,0
qctimes.com,0
audacy.com,0
rferl.org,0
rand.org,0
rapidcityjournal.com,0
rare.us,0
ravallirepublic.com,0
recode.net,0
redding.com,-1
rsf.org,0
reporterslab.org,0
reuters.com,0
rexburgstandardjournal.com,0
rfi.fr/en,0
riverbender.com,0
riverdalepress.com,0
rollcall.com,0
rte.ie,0
sandiegouniontribune.com,0
santamariatimes.com,0
heraldtribune.com,0
sayfiereview.com,0
sciencedebate.org,0
scoopnest.com,0
starherald.com,0
scotusblog.com,0
shareably.net,0
shorensteincenter.org,0
shreveporttimes.com,0
sierrasun.com,0
siouxcityjournal.com,-1
skyhinews.com,0
news.sky.com,0
smartnews.com,0
aspentimes.com/snowmass,0
southbendtribune.com,0
sun-sentinel.com,0
swtimes.com,0
spectrumlocalnews.com/splash,0
ny1.com,0
spectrumreport.com,0
spotlightpa.org,0
sctimes.com,0
stripes.com,0
silive.com,0
statesmanjournal.com,0
statesville.com,0
statista.com,0
steamboatpilot.com,0
stimson.org,0
strategypage.com,0
stratfor.com,0
summitdaily.com,0
cecildaily.com/susquehanna_press,0
swvatoday.com,0
tahoedailytribune.com,0
taipeitimes.com,0
techspot.com,0
telegram.com,0
texasstandard.org,0
tetonvalleynews.net,0
thatsnonsense.com,0
afr.com,1
thebalance.com,0
newsoptimist.ca,0
thecanadianpress.com,0
thecipherbrief.com,0
columbian.com,0
constitution.com,0
theconversation.com,0
daily-chronicle.com,0
dailygazette.com,0
tdn.com,0
dailynorthwestern.com,0
dailyprogress.com,0
defconwarningsystem.com,0
thediplomat.com,0
economist.com,0
thefencepost.com,0
theflipside.io,0
hjnews.com,0
heraldnews.com,0
herald-dispatch.com,0
heraldsun.com,0
thehill.com,0
jamestown.org,0
postregister.com/star,0
jordantimes.com,0
journalstandard.com,0
macon.com,0
mariettatimes.com,0
themarshallproject.org,0
memepoliceman.com,0
modbee.com,0
themonitor.com,0
mcall.com,0
scnow.com,0
thenevadaindependent.com,0
thenews.mx,0
thenewsliteracyproject.org,0
newsvirginian.com,0
outlook.monmouth.edu,0
postandcourier.com,0
poststar.com,0
syracuse.com,0
recordnet.com,0
theregister.com,0
therepublic.com,0
masslive.com,0
thecalifornian.com,-1
scotsman.com,0
cumberlink.com,0
thesmokinggun.com,0
sociable.co,0
thesouthern.com,0
stardem.com,0
thestrategybridge.org,0
tennessean.com,0
mywebtimes.com,0
thetandd.com,0
thetowntalk.com,0
theunion.com,0
vindy.com,0
wcfcourier.com,0
theunion.com/news/twi,0
zdf.de,0
thirdway.org,0
thoughtco.com,0
timesofsandiego.com,0
magicvalley.com,0
todayifoundout.com,0
transparency.org,0
record-eagle.com,0
tribunecontentagency.com,0
tri-cityherald.com,0
truthorfiction.com,0
tut.by,0
tvw.org,0
upi.com,0
house.gov,0
uscourts.gov,0
usaspending.gov,0
usafacts.org,0
standard.net,1
vaildaily.com,0
yoursun.com/venice,0
verifythis.com,0
viralthread.com,0
voanews.com,0
vosizneias.com,0
votesmart.org,0
waaytv.com,0
deltanews.tv,0
wabi.tv,0
wacotrib.com,0
wafb.com,0
waff.com,0
wagmtv.com,0
wahoo-ashland-waverly.com,0
fox10tv.com,0
walb.com,0
wane.com,0
wapt.com,0
warontherocks.com,0
c-span.org/series/?washingtonjournal,0
wtop.com,0
wate.com,0
localmemphis.com,0
wave3.com,0
wavy.com,0
wbaltv.com,0
wbay.com,0
wbir.com,0
wbko.com,0
wbng.com,0
10tv.com,0
wbrc.com,0
pahomepage.com,0
wbtv.com,0
wbtw.com,0
wcax.com,0
counton2.com,0
wcia.com,0
wcjb.com,0
nbc4i.com,0
wcnc.com,0
wcpo.com,0
live5news.com,0
wctv.tv,0
wcvb.com,0
fox4kc.com,0
wdam.com,0
wdbj7.com,0
wdio.com,0
clickondetroit.com,0
wdsu.com,0
wdtn.com,0
wdtv.com,0
localdvm.com,0
wearethemighty.com,0
weau.com,0
wect.com,0
tristatehomepage.com,0
weny.com,0
wesh.com,0
wvpublic.org,0
mytwintiers.com,0
wevv.com,0
news5cleveland.com,0
mychamplainvalley.com,0
wfft.com,0
14news.com,0
wfla.com,0
wflx.com,0
wfmynews2.com,0
wfmz.com,0
wearegreenbay.com,0
wftv.com,0
wfxrtv.com,0
boston25news.com,0
wgal.com,0
myfox8.com,0
brproud.com,0
wgntv.com,0
wgno.com,0
whas11.com,0
whatculture.com,0
fox13memphis.com,0
whec.com,0
whio.com,0
foxcarolina.com,0
whnt.com,0
who13.com,0
whsv.com,0
abc27.com,0
cbs42.com,0
kansas.com,0
wilx.com,0
winknews.com,0
newschief.com,-1
wistv.com,0
channel3000.com,0
wisn.com,0
witn.com,0
wivb.com,0
wjcl.com,0
wjhg.com,0
wjhl.com,0
wjtv.com,0
fox8.com,0
news4jax.com,0
news8000.com,0
wkbw.com,0
clickorlando.com,0
wkrg.com,0
wkyc.com,0
wlbt.com,0
wlfi.com,0
wlky.com,0
wlox.com,0
wltx.com,0
uppermichiganssource.com,0
wlwt.com,0
wmar2news.com,0
fox47.com,1
nbc15.com,0
deltanews.tv/wnbd,0
cbs17.com,0
wnct.com,0
wndu.com,0
wnem.com,0
weareiowa.com,0
cleveland19.com,0
woodtv.com,0
spectrumnews1.com,0
wowktv.com,0
wowt.com,0
phl17.com,0
fox43.com,0
wsoctv.com,0
localsyr.com,0
fox61.com,0
wtsp.com,0
wtvm.com,0
wtvy.com,0
en.wikinews.org,0
wikipedia.org,0
winnipegfreepress.com,0
winonadailynews.com,0
journalnow.com,0
wionews.com,0
host.madison.com,0
fox46.com,0
wkrn.com,0
wkyt.com,0
13wmaz.com,0
actionnews5.com,0
wmur.com,0
wnep.com,0
fox35orlando.com,0
wn.com,0
worldometers.info,0
worldpoliticsreview.com,0
worldpopulationreview.com,0
pix11.com,0
wpri.com,0
wpta21.com,0
wpxi.com,0
wral.com,-1
wrdw.com,0
wreg.com,0
wric.com,0
rochesterfirst.com,0
wsav.com,0
wsaw.com,0
wsaz.com,0
wsbtv.com,0
wsfa.com,0
wsls.com,0
wsmv.com,0
wspa.com,0
wtae.com,0
wearecentralpa.com,0
wtap.com,0
news10.com,0
wthitv.com,0
wthr.com,0
wtnh.com,0
wtok.com,0
wtol.com,0
cbs4indy.com,0
wtva.com,0
newschannel5.com,0
13abc.com,0
fox29.com,0
wusa9.com,0
13newsnow.com,0
nbc29.com,0
wvlt.tv,0
fox8live.com,0
wvva.com,0
nbc12.com,0
wwnytv.com,0
mysuncoast.com,0
11alive.com,0
fox59.com,0
fox19.com,0
wwltv.com,0
news10.com/fox-23,0
wymt.com,0
rocketcitynow.com,0
wzzm13.com,0
yorknewstimes.com,0
zdnet.com,0
7news.com.au,1
9news.com.au,1
19fortyfive.com,1
abc.es,1
theadvocates.org,1
english.ahram.org.eg,1
al.com,1
altoday.com,1
abqjournal.com,1
aleteia.org,1
americanactionforum.org,1
americanaffairsjournal.org,1
acsh.org,1
americanfirearms.org,1
aier.org,1
americanmilitarynews.com,1
americasquarterly.org,1
anchoragepress.com,1
andalusiastarnews.com,1
angusreid.org,1
antiwar.com,1
hk.appledaily.com,1
arcamax.com,1
argusleader.com,1
arkansasonline.com,1
israelnationalnews.com,1
aawsat.com/english,1
aninews.in,1
atchisonglobenow.com,1
atlanticcouncil.org,1
atmoreadvance.com,1
newideal.aynrand.org,1
bangkokpost.com,1
barrons.com,1
guardonline.com,1
beinglibertarian.com,1
bemidjipioneer.com,1
berlingske.dk,1
bild.de,1
billingsgazette.com,1
bipartisanpolicy.org,1
bnr.nl,1
boomlive.in,1
bostonherald.com,1
brainerddispatch.com,1
breakingdefense.com,1
thebreakthrough.org,1
bt.dk,1
batimes.com.ar,1
businesslive.co.za,1
business-standard.com,1
calgaryherald.com,1
californiaglobe.com,1
capoliticalreview.com,1
campaignforliberty.org,1
cjnews.com,1
taxpayer.com,1
capitalismmagazine.com,1
cato.org,1
ccn.com,1
cftni.org,1
checkyourfact.com,1
chicagotribune.com,1
chinadigitaltimes.net,1
christianitytoday.com,1
gazette.com,1
columbiadailyherald.com,-1
crfb.org,1
dn.se,1
dailyherald.com,1
mininggazette.com,1
dailypress.com,1
dailyo.in,1
dallasnews.com,1
volkskrant.nl,1
deccanchronicle.com,1
delgazette.com,1
denvergazette.com,1
deseretnews.com,1
desertsun.com,1
detroitnews.com,1
deutschland.de,1
diepresse.com,1
welt.de,1
downsizinggovernment.org,1
drudgereport.com,1
registerherald.com,1
ecuavisa.com,1
edmontonexaminer.com,1
edmontonjournal.com,1
edmontonsun.com,1
elmundo.es,1
eluniverso.com,1
entrepreneur.com,1
eppc.org,1
ekirikas.com,1
expressen.se,1
fairborndailyherald.com,1
longwarjournal.org,1
financialexpress.com,1
financialpost.com,1
firearmsnews.com,1
fitchratings.com,1
fitsnews.com,1
forbes.com,1
fpri.org,1
fbherald.com,1
star-telegram.com,1
fortnightlyreview.co.uk,1
fortune.com,1
fee.org,1
foxbusiness.com,1
foxillinois.com,1
faz.net,1
dailyjournal.net,1
franklinnews.org,1
fraserinstitute.org,1
freedomalliance.org,1
freedomhouse.org,1
mydailytribune.com,1
galvnews.com,1
geo.tv,1
gp.se,1
greeleytribune.com,1
greenfieldreporter.com,1
dailyadvocate.com,1
guns.com,1
myheraldreview.com,1
heraldsun.com.au,1
hln.be,1
hidesertstar.com,1
hpenews.com,1
timesgazette.com,1
thehindubusinessline.com,1
honestreporting.com,1
hoover.org,1
humanprogress.org,1
idahostatejournal.com,1
iefimerida.gr,1
ilgiornale.it,1
inhomelandsecurity.com,1
india.com,1
indiatoday.in,1
indiatvnews.com,1
inforum.com,1
theihs.org,1
interfax.ru,1
investortimes.com,1
independent.ie,1
itv.com,1
jewishbreakingnews.com,1
jewishjournal.com,1
jns.org,1
justfacts.com,1
justfactsdaily.com,1
foxsanantonio.com,1
wwmt.com,1
khaleejtimes.com,1
katu.com,1
katv.com,1
bakersfieldnow.com,1
fox4beaumont.com,1
siouxlandnews.com,1
kcby.com,1
abcstlouis.com,1
keprtv.com,1
kfdm.com,1
kfoxtv.com,1
cbs2iowa.com,1
khqa.com,1
kimatv.com,1
klewtv.com,1
kmph.com,1
nbc16.com,1
knewz.com,1
okcfox.com,1
komonews.com,1
koreaherald.com,1
fox42kptm.com,1
krcgtv.com,1
mynews4.com,1
foxreno.com,1
news3lv.com,1
ktul.com,1
ktvl.com,1
kutv.com,1
abc7amarillo.com,1
nebraska.tv,1
nacion.com,1
lmtonline.com,1
reviewjournal.com,1
learnliberty.org,1
lefigaro.fr,1
leicestermercury.co.uk,1
lexingtoninstitute.org,1
libertarianism.org,1
listverse.com,1
lbc.co.uk,1
standard.co.uk,1
lfpress.com,1
dailynews.com,1
lubbockonline.com,1
mackinac.org,1
malaymail.com,1
malaysia-today.net,1
unionleader.com,1
manilatimes.net,1
marginalrevolution.com,1
marketwatch.com,1
frontiersman.com,1
meaww.com,1
mercatus.org,1
metabunk.org,1
miamivalleytoday.com,1
montrealgazette.com,1
m24.ru,1
mtdemocrat.com,1
mynorthwest.com,1
nationalaffairs.com,1
nationalinterest.org,1
nationalpost.com,1
nos.nl,1
observer.com,1
nypost.com,1
news-gazette.com,1
nhk.or.jp,1
asia.nikkei.com,1
nine.com.au,1
nj1015.com,1
nwaonline.com,1
oaoa.com,1
oilprice.com,1
omaha.com,1
opendoorsusa.org,1
opposingviews.com,1
ocregister.com,1
oregonlive.com,1
ottawacitizen.com,1
ottawasun.com,1
pacificresearch.org,1
newsandsentinel.com,1
peninsuladailynews.com,1
post-gazette.com,1
triblive.com,1
mydailyregister.com,1
policyed.org,1
politisite.com,1
mydailysentinel.com,1
portsmouth-dailytimes.com,1
postbulletin.com,1
rstreet.org,1
rasmussenreports.com,1
realcleardefense.com,1
realclearinvestigations.com,1
realclearmarkets.com,1
realclearpolicy.com,1
realclearpolitics.com,1
realclearreligion.org,1
reason.com,1
valleynewslive.com,0
leaderpost.com,1
cato.org/regulation,1
republicworld.com,1
richmond.com,1
couriernews.com,1
srnnews.com,1
sbsun.com,1
thestarphoenix.com,1
savannahnow.com,1
scoperatings.com,1
sofrep.com,1
twincities.com,1
studentnewsdaily.com,1
tabletmag.com,1
taxfoundation.org,1
algemeiner.com,1
theamericanconservative.com,1
the-american-interest.com,1
theaustralian.com.au,1
thebulwark.com,1
english.chosun.com,1
thechronicleherald.ca,1
citizen.co.za,1
couriermail.com.au,1
thedispatch.com,1
durangoherald.com,1
elkharttruth.com,1
thefiscaltimes.com,1
thegazette.com,1
theglobeandmail.com,1
independent.org,1
the-japan-news.com,1
jpost.com/jerusalem-report,1
jewishpress.com,1
journal-news.net,1
theledger.com,1
thelibertarianrepublic.com,1
thenewatlantis.com,1
thenews.com.pk,1
theobjectivestandard.com,1
oklahoman.com,1
pantagraph.com,1
post-journal.com,1
pe.com,1
tribtown.com,1
spectator.co.uk,1
spectator.us,1
spectatorworld.com,1
spokesman.com,1
standardmedia.co.ke,1
straitstimes.com,1
thestreet.com,1
theitem.com,1
thetimesherald.com,1
timesofindia.indiatimes.com,1
thetimes.co.uk,1
washingtoninstitute.org,1
thewest.com.au,1
winchesterstar.com,1
yomiuri.co.jp,1
tnonline.com,1
timeslive.co.za,1
thenationaldesk.com,1
toledoblade.com,1
tovima.gr,1
transparentcalifornia.com,1
tribunnews.com,1
tulsaworld.com,1
valuewalk.com,1
vancouversun.com,1
villages-news.com,1
wach.com,1
wsj.com,1
recordherald.com,1
thecentersquare.com,1
rep-am.com,1
foxbaltimore.com,1
abc3340.com,1
wchstv.com,1
abcnews4.com,1
wcti12.com,1
wcyb.com,1
foxlexington.com,1
weartv.com,1
wctrib.com,1
nbc25news.com,1
wfxl.com,1
wgme.com,1
upnorthlive.com,1
wgxa.tv,1
13wham.com,1
local21news.com,1
myheraldreview.com/news/willcox,1
sungazette.com,1
news-herald.com,1
wnewsj.com,1
windsorstar.com,1
wjactv.com,1
turnto10.com,1
wjla.com,1
dayton247now.com,1
local12.com,1
wlos.com,1
fox11online.com,1
mycbs4.com,1
nbc24.com,1
news4sanantonio.com,1
fox56.com,1
wpde.com,1
cbs12.com,1
fox23maine.com,1
mynbc15.com,1
cbs6albany.com,1
wsbt.com,1
wset.com,1
cnycentral.com,1
abc6onyourside.com,1
fox28media.com,1
wtov9.com,1
myfox28columbus.com,1
newschannel9.com,1
wvah.com,1
fox17.com,1
xeniagazette.com,1
yankeeinstitute.org,1
en.yna.co.kr,1
zebrafactcheck.com,1
2ndvote.com,2
abort73.com,2
academia.org,2
aim.org,2
acton.org,2
ac2news.com,2
aish.com,2
altnewsmedia.net,2
amac.us,2
americarisingpac.org,2
aclj.org,2
americanconsequences.com,2
conservative.org,2
aei.org,2
americansforprosperity.org,2
atr.org,2
afpc.org,2
amgreatness.com,2
alec.org,2
spectator.org,2
amimagazine.org,2
ammoland.com,2
aa.com.tr,2
arizonadailyindependent.com,2
armstrongeconomics.com,2
asianews.it,2
aina.org,2
badgerinstitute.org,2
bearingarms.com,2
beliefnet.com,2
bizpacreview.com,2
blabber.buzz,2
bluelivesmatter.blue,2
boundingintocomics.com,2
brownstone.org,2
c2cjournal.ca,2
campaignlifecoalition.com,2
campusreform.org,2
capitalresearch.org,2
freedomandprosperity.org,2
americanexperiment.org,2
chicksontheright.com,2
cc.org,2
christianpost.com,2
christiantoday.com,2
chroniclesmagazine.org,2
citizenfreepress.com,2
cagw.org,2
citizensunited.org,2
city-journal.org,2
nccivitas.org,2
claremont.org,2
commentarymagazine.com,2
conservativebrief.com,2
conservativefighters.co,2
conservativehome.com,1
conservativehq.com,2
conservativeinstitute.org,2
cpi.org,2
conservativereview.com,2
crimeresearch.org,2
crisismagazine.com,2
dailycaller.com,2
express.co.uk,2
dailyreckoning.com,2
dailysignal.com,2
telegraph.co.uk,2
dailytorch.com,2
telegraaf.nl,2
disrn.com,2
dmlnews.com,2
donaldjtrump.com,2
economicpolicyjournal.com,2
egypttoday.com,2
energycitizens.org,2
erlc.com,2
factsandlogic.org,2
faithwire.com,2
fakehatecrimes.org,2
farleftwatch.com,2
fedsoc.org,2
firstthings.com,2
defenddemocracy.org,2
foxnews.com,2
freedomworks.org,1
ff.org,2
fff.org,2
getreligion.org,2
gopusa.com,2
g-a-i.org,2
news.grabien.com,2
order-order.com,2
heritage.org,2
hermancain.com,2
hotair.com,2
hudson.org,2
humanevents.com,2
hurriyet.com.tr,2
hurriyetdailynews.com,2
illinoispolicy.org,2
imprimis.hillsdale.edu,2
ijr.org,2
iwf.org,2
influencewatch.org,2
ifstudies.org,2
intellectualtakeout.org,2
investors.com,2
israelhayom.com,2
issuesinsights.com,2
jewishpolicycenter.org,2
jewishworldreview.com,2
judicialnetwork.com,2
kansaspolicy.org,2
krone.at,2
lawliberty.org,2
lawenforcementtoday.com,2
legalinsurrection.com,2
journaldemontreal.com,2
libertyheadlines.com,2
libertynation.com,2
lifezette.com,2
manhattan-institute.org,2
mediaequalizer.com,2
mrc.org,2
mediarightnews.com,2
mercatornet.com,2
milliyet.com.tr,2
theminnesotasun.com,2
ncregister.com,2
nationalcenter.org,2
nfrw.org,2
nationalreview.com,2
newbostonpost.com,2
newsbusters.org,2
nysun.com,2
ngo-monitor.org,2
notthebee.com,2
nraila.org,2
ntknetwork.com,2
offgridsurvival.com,2
oneangrygamer.net,2
openvaers.com,2
opslens.com,2
outkick.com,1
panampost.com,2
patriotretort.com,2
pluralist.com,2
politicalite.com,2
politichicks.com,2
powerlineblog.com,2
publicinterestlegal.org,2
quadrant.org.au,2
rd.com,2
americasvoice.news,2
redalertpolitics.com,2
redstate.com,2
regated.com,2
ricochet.com,2
rightandfree.com,2
ronpaullibertyreport.com,2
sabah.com.tr,2
newspress.com,2
savejersey.com,2
sentinelksmo.org,2
shorenewsnetwork.com,2
sbgi.net,2
skynews.com.au,2
sonorannews.com,2
spiked-online.com,2
standpointmag.co.uk,2
tatumreport.com,2
tenthamendmentcenter.com,2
adelaidenow.com.au,2
americafirstpolicy.com,2
americanmind.org,1
thecollegefix.com,2
theconservativeopinion.com,2
conservativewoman.co.uk,2
dailytelegraph.com.au,2
dailywire.com,2
thefirsttv.com,2
thegreggjarrett.com,2
thehayride.com,2
econlib.org,2
thenationalherald.com,2
thenewamerican.com,2
theohiostar.com,2
patriotpost.us,2
thepostmillennial.com,2
punchingbagpost.com,2
ronpaulinstitute.org,2
thestar.com.my,2
thesun.co.uk,2
tennesseestar.com,2
thetexan.news,2
thetruthaboutguns.com,2
the-sun.com,2
torontosun.com,2
trendingviews.co,2
tribunist.com,2
tnc.news,2
trtworld.com,2
twitchy.com,2
unwatch.org,2
unitynewsnetwork.co.uk,2
updateamerica.com,2
washingtonexaminer.com,2
freebeacon.com,2
weaselzippers.us,2
weeklystandard.com,2
westernstandard.news,2
westmonster.com,2
whatfinger.com,2
wikiislam.net,2
world.wng.org,2
worldtribune.com,2
yellowhammernews.com,2
yaf.org,2
youngcons.com,2
freeworldnews.tv,2
21stcenturywire.com,2
79days.news,2
911truth.org,2
abovetopsecret.com,2
activistpost.com,-2
ageofautism.com,2
amtvmedia.com,2
alternativenews.com,2
altleft.news,2
americanfreepress.net,2
aim4truth.org,2
amg-news.com,2
americanpolicy.org,2
americasfrontlinedoctors.com,2
answersingenesis.org,2
australiannationalreview.com,2
banned.video,2
beholdisrael.org,2
bestnewshere.com,2
biggovernment.news,2
blckbx.tv,2
bonsens.info,2
brandnewtube.com,2
brighteon.com,2
bugout.news/#,2
campusinsanity.com,2
cancer.news,2
catholic.org,2
charismanews.com,2
childrenshealthdefense.org,2
carm.org,2
www1.cbn.com,2
creation.com,2
christianscience.com,2
legitgov.org,2
climatedepot.com,2
climate.news,2
cnnsofake.news,2
collapse.news,2
cfact.org,2
consciouslifenews.com,-2
conspiracydailyupdate.com,2
consumerwellness.org,2
counterthink.com,2
geopolitics.co,-1
creationwiki.org,2
dailysceptic.org,2
eluxemagazine.com,-2
ewg.org,-2
escapeallthesethings.com,2
eugenics.news,2
europereloaded.com,2
faithit.com,2
food.news,2
thefreethoughtproject.com,-2
covid19criticalcare.com,2
gender.news,2
geoengineering.news,2
glitch.news,2
gmwatch.org,-2
gotquestions.org,2
healingfoodreference.com,2
healthimpactnews.com,2
health.news,2
healthrangerreport.com,2
savethemales.ca,2
herbreference.com,2
humansarefree.com,2
infowars.com,2
ingredients.news,2
israel365news.com,2
israelislamandendtimes.com,2
jesus-is-savior.com,2
joebiden.news,2
leftcult.com,2
lesmoutonsrebelles.com,2
liberty.news,2
libtards.news,2
littlethings.com,-2
liveaction.org,2
mediafactwatch.com,2
medicalkidnap.com,2
nationalfile.com,2
nationalsecurity.news,2
naturalmedicine.news,2
naturalnews.com,2
naturalnewsblogs.com,2
naturalnewsradio.com,2
naturalpedia.com,2
naturalsociety.com,-2
neonnettle.com,2
nomorefakenews.com,2
nutrientreference.com,2
pandemic.news,2
patriots4truth.org,2
pollution.news,2
pressfortruth.ca,2
principia-scientific.org,2
qanon.pub,2
randpaul.news,2
redoubtnews.com,2
rense.com,2
science.news,2
snopes.news,2
southfront.org,2
space.news,2
supplementreference.com,2
swprs.org,2
talknetwork.com,2
technocracy.news,2
theautomaticearth.com,2
corbettreport.com,2
thefullertoninformer.com,2
healthranger.com,2
thehealthyamerican.org,2
thelibertybeacon.com,2
stream.org,2
thetrumpet.com,2
thoughtcrimeradio.net,2
thriveglobal.com,-2
treason.news,2
truth11.com,2
ukcolumn.org,2
usawatchdog.com,2
vaccineimpact.com,2
vaxxter.com,2
votefraud.news,2
whatreallyhappened.com,2
whitehouse.news,2
worldcouncilforhealth.org,2
worlddoctorsalliance.com,2
worldviewweekend.com,2
x22report.com,2
zerohedge.com,2
100percentfedup.com,2
us24news.com,2
acting-man.com,2
activistmommy.com,2
english.alarabiya.net,1
albawaba.com,1
english.almanar.com.lb,1
youm7.com,1
afn.net,2
arabnews.com,1
breitbart.com,2
c19bromhexine.com,2
c19colchicine.com,2
c19nitazoxanide.com,2
c19proxalutamide.com,2
c19quercetin.com,2
c19rmd.com,2
c19vitaminc.com,2
english.cctv.com,-1
chinadaily.com.cn,-2
citizensjournal.us,2
constative.com,1
corona-transition.org,2
c19early.com,2
dagospia.com,2
dailymail.co.uk,2
dailysurge.com,2
diamondandsilkinc.com,2
firstinfreedomdaily.com,2
frankspeech.com,2
freewestmedia.com,2
friatider.se,2
gettr.com,2
gnews.org,2
greatreject.org,2
iharare.com,-2
informer.rs,2
ipatriot.com,2
lifenews.com,2
lifesitenews.com,2
lindelltv.com,2
liveleak.com,1
louderwithcrowder.com,2
en.mercopress.com,-1
newsmax.com,2
ntd.tv,2
origo.hu,2
patriotfetch.com,2
pjmedia.com,2
en.protothema.gr,2
reformedmedia.net,2
renewedright.com,2
rsbnetwork.com,2
ripostelaique.com,2
steadfastandloyal.com,2
steadfastclash.com,2
strategic-culture.org,2
syriana-analysis.com,-2
thebl.com,2
thedesertreview.com,1
theepochtimes.com,2
thefederalist.com,2
thejeffreylord.com,2
joerogan.com,1
thelibertyloft.com,2
rebelnews.com,2
rfangle.com,2
therightscoop.com,2
thetruedefender.com,2
thetruereporter.com,2
toofab.com,-2
weibo.com,-2
wingsoverscotland.com,-1
yaliberty.org,2
yournews.com,2
